path	bytes	sha256
LICENSE-NOTE.md	3064	68630e0cc6c4a8e3f1b6af9af2a6a7a35bd0d513953f22231f2aaeb54374da28
inventoryitems/Videotape.txt	529	86a0f38b3195dd22e25b82f39ea0db730862653cf68c7d4252e970e31dfd2574
inventoryitems/ammo/ammo_glock.txt	217	f3cfc399a60fa7363f48cce54ae7b0273a1d27eb490e7a135c0d6983e76f2403
inventoryitems/ammo/ammo_m16.txt	208	c7897fe25184b0ae914e1a76a60f8214a48576d949c7cef67fe592dd66f889a5
inventoryitems/ammo/ammo_p345.txt	212	cd7e82a3909ae5dd9995e91e5a313508363881c8772c8cd400c726aac5e198ba
inventoryitems/ammo/ammo_shells.txt	224	7d13fa91c6fccec91ab11c2b78d41755ece13895fd99f64ac26c07305a68ab16
inventoryitems/ammo/ammo_tmp.txt	208	32875459c2f2a6df3f65de9854253e014c7ba115ab21a14a3d1b2b44307c2ae8
inventoryitems/apartmentkey.txt	552	98094931c0612a92ea9f1dd7b957e336bf6699255ef583db922636b93f14f133
inventoryitems/backdoorkey.txt	546	0a7146a6ffb8a2d7617d62dbc89a0be075da49bc4a089cc0fb5614b3dffe3891
inventoryitems/basementkey.txt	485	f654059c91c8d9d3e4a8d8fafb58ddd62d6d32f31cfa27a8ea74442a785932df
inventoryitems/card.txt	489	9d113ab1f12697ab02c561fa90eb9c7dd5916091c96b198ba52f91db443eb8fc
inventoryitems/cassettetape.txt	512	bede142ce6b3c802ce054274379821cccfa7c2e97b5f2fe16b5a958de56888be
inventoryitems/cc2carkey.txt	526	f3b38d58012648c4cec4fb1b1e1cf0e4e3d9f3c8f26e6c9c58db5710f4eb9dc9
inventoryitems/citysewerkey.txt	553	820b637a46903c5bd66da753bf772cbe2a635972c3869d69dc03292026a014e0
inventoryitems/classkey.txt	462	1ba36cc56a800ba5b1ab35b7188b439b8e0d1584252b152adb1714d3f7920a72
inventoryitems/cleaver.txt	500	4d0fe127b95da05d07984f0b58d656920feffdc47c6c923eaea99fda5ccfecf2
inventoryitems/doorknob.txt	518	cf613000ed713e3ef22665273f858480e8d8fa0b86e226061f9d39e2b9ed3532
inventoryitems/entrancekey.txt	539	79ba69652d16b7faf05dc356b2b2606026dd9fd71c6816baf375fe7fb3641612
inventoryitems/exitkey.txt	512	3b0ec9e6037b29a82c8938c85c87f84bb3383be9d3ae1c3706e5393fca32b815
inventoryitems/firekey.txt	465	2e7e76b2d530733538d85585f31f34eca0f0847e9f15d624b01c512821196c23
inventoryitems/foot.txt	479	5d7fed3a1202fe40b9da8af60f188d0e320a1a9e896bb8bdbd3ada9df3901672
inventoryitems/fsewerkey.txt	534	1cbe0b9e41f1bf4f3736bfcb16d1f08bea2092126291f2398189de7180b2d4ca
inventoryitems/fuse.txt	483	c9c1018b53ed5c991c02efed927cbd6e60d01213fa5da897dbfe3c855d0eb6c2
inventoryitems/gascan.txt	520	979393717e5e5ceafe8e8dff60d90287504971fc687ddda97eb2ffbb1797abda
inventoryitems/gatekey1.txt	512	dbe1b9dfad85025618627a6e216d4e8580abf829afdf345840b1649839ececd4
inventoryitems/gatekey2.txt	517	944ae481f0bbd1af3ab531a287135b8e39c083e5dcb64c3aaf9b139c4409f140
inventoryitems/hallkey.txt	454	bc6869304133b5816891bbf0fece91d8f4cc576f96da48c28fef8423f511c500
inventoryitems/holetunnelkey.txt	553	6e3677a85f3cf78392a15a44a45484f74b15901aa9523f2fc4b5904db70b87fa
inventoryitems/ladder1.txt	499	f36405b66a0b041202ded670caec225063650ca609f69f9b4ad235aaec960774
inventoryitems/ladder2.txt	499	164b966af02d7b4ffcb98439d65aa8bb66a2bee3a7b743e487d6013c31bfbed3
inventoryitems/leftplate.txt	638	74152f92523374a0aefbff7cf600776e605710f8ada45b5b2ee82dcd91ba6424
inventoryitems/leftplate_1.txt	649	4ca88b999d16e86b654d8e79e8afc4a781e4507b94b321d0139af32aa21fd22d
inventoryitems/leftplate_2.txt	649	10711776f0bc6ba6786184e5d94c85b3becb092c32572dddf69912f67069d8c3
inventoryitems/leftplate_3.txt	649	e27996e775cc8a5a38665d4e85cc9d4966c5a188258fb71abc2f82e796a621cf
inventoryitems/lighter.txt	513	2c492f02927662ed1b5cde9d08058f5479bcfe09861209051a0ee3d4488730e2
inventoryitems/lockdownkey1.txt	510	5c3d178d23c95e37b529889a6c4ef7c467fdfa889270a7e4edf8f277f9b05c0e
inventoryitems/lockerkey.txt	470	e49128fba34354edd7ee236f21878be7cf920b73d019ecd1f869208afae440df
inventoryitems/mobile_battery.txt	718	808ad550de5d175e58a8301dbbfa3699b7b65e2e4c7c47dedc5b7b16d3a77543
inventoryitems/package.txt	516	f172bf16334dc4e1784ef5957d94e3a540d9f4832843af32c90793f8be8a267b
inventoryitems/rightplate.txt	643	0a3d13a72d15544cd30e157ba400c28a0049fe42b7f5ba9b4605eb73b39932f2
inventoryitems/rightplate_1.txt	654	74f5c79e770a8b12a32ddcf650dfafd858cd86b618c4600954f4bcca83e59e12
inventoryitems/rightplate_2.txt	654	525eee5d948e9f74eb2dbd0215bc29eb53e003555862cc8d5d1b9f9235fe5cdf
inventoryitems/rightplate_3.txt	654	f27ff997b3cf4394e344b0f02ea79d0f80745adc8b880bf81834d54219d9455c
inventoryitems/rope.txt	478	ce082f1c034cd78abb00f5b29eead83bf5e2f9c3bab7534e5df02c7f13ea2dba
inventoryitems/rustykey.txt	465	643a0d935e17ea6338c4812d3af0c5f7a4f7b5caf56b7b18a76b0b3533a0a5fd
inventoryitems/saw.txt	479	39e38ee6c6f5191aeea6ddfe5c185abd2a70f83d7f465c451db0ea1c92f415c6
inventoryitems/scissors1.txt	645	3a5bf0336077589a50b4fbcdf07fd80f7be54dad390f84f1dde0fc32e1ab5574
inventoryitems/scissors2.txt	649	410a261643f396cbbd2936ef126cde567725f2894aba91e43f8fcb13936284a4
inventoryitems/scissors3.txt	504	b334af3910537123f75b8fa4b05fe727758e107dd098fc4c27843bf97aab9599
inventoryitems/screwdriver.txt	543	2313311f85878247536acd5d816e509ea1e37bd914c1724de625396c56f7bb83
inventoryitems/securitykey.txt	537	c0a7b3ea3ad0c8e5a3690d36a24828951e278eea918a2ec9d209bfcb0077b36b
inventoryitems/sewerkey.txt	519	704709d9d0d93cb1b63af4caaccbdf4b5376f94779d987558cf5d58688b1832d
inventoryitems/spade.txt	497	248455afbd8a51fc5da8fd21d1df07bb4da66ffbd012ccf3bc81875c424c927b
inventoryitems/staffkey.txt	463	bd97abd670fae9049a7989d3040a63d957c2b5d0afde364383dcf6c7644134e0
inventoryitems/taclight.txt	717	af8965ea8f7b9e287ef9c023b2dad87b768eccad53065d2efa5d188bec657684
inventoryitems/trapdoorkey.txt	483	55bbf1d4564fbf75266dce36ccbe192aa5c33e378e01dde0b7615d6f75fc96f0
inventoryitems/valve.txt	491	e3a6d0e460a56db3dc92c4c04e82350b0da9d539369da59b4169cdca86d5ce69
inventoryitems/weapons/weapon_axe.txt	294	ac3540352699bc44b6214beadd11aaad42819ac12b6956d14ae531279ac416d8
inventoryitems/weapons/weapon_booklaser.txt	345	26320e8e715324a2b2ba7c0736db03bc5d9e8ad9461aefc34d0a7e78b64d0fbd
inventoryitems/weapons/weapon_branch.txt	315	9d922a1c61423255fc9e210cb9b9188463222edb85118ca8ee3f2d1f116553e8
inventoryitems/weapons/weapon_camera.txt	324	0a4dfb854112040bcd799af40fe603d2715b2c9ff1f37be30fff9d20e6489032
inventoryitems/weapons/weapon_flare.txt	317	e8f1aa09bbc12be90973cb46995fddfc018b04c4b55cc0b6bb4d97850d166a7f
inventoryitems/weapons/weapon_flashlight.txt	345	569e7b247781920f3e6fc1bf8d005807e16c470410ef28c7e9273eb84cb3106f
inventoryitems/weapons/weapon_g43.txt	462	6dccdf51b8035ce77ae14179d7490b8ab0b79ae80c4906200393b1d142930990
inventoryitems/weapons/weapon_lantern.txt	326	f51d63a6e8fdc9b7380e5434d06d4eb69452068c3d5523ada58f8dedd6af7ca2
inventoryitems/weapons/weapon_m16.txt	483	289c009e91face041bf2073a08082a568c441a0a93baf848e8388adc5a21c67b
inventoryitems/weapons/weapon_mobile.txt	486	d3ddf4778818648e9d0d1c69cd1639f6eecf67a1117352eda47bbd18e59f85f6
inventoryitems/weapons/weapon_nightstick.txt	353	ed4c9e3a33633038459243bf01b0970589e30a59439674bf7f9abe8817d9ec41
inventoryitems/weapons/weapon_oldflashlight.txt	369	568bc2d3a4d26914b35e9795300dc38b4f37126deca8e1ee3c28627cc5f7c272
inventoryitems/weapons/weapon_pickaxe.txt	358	88f13b1db92ca9c47db7d83556a42572edff111a352aa238a9c818267cc9d656
inventoryitems/weapons/weapon_radio.txt	318	db0b07fd2725142254ecbb7e16c26515cd1fdfb2c9f094d7aecb92745db9e254
inventoryitems/weapons/weapon_rifle.txt	381	35c371e40a838fce7ed93d982b68e755b1e3bf80c4e5425fb8d718df2d34b74f
inventoryitems/weapons/weapon_sledgehammer.txt	357	25a8422464b1c3a6f9a619711d7afc514a33bd31cece30a64fc2a55e1e5ef4f0
inventoryitems/weapons/weapon_sledgeshovel.txt	358	23a2679ddf5e2b5af9262390733abf353a6dc8ceb9c7fb262779873d09df023d
inventoryitems/weapons/weapon_switchblade.txt	359	8db6901d0fd475410d37b4ba46245d6ba2b76978efc022ae04389f505537e47c
inventoryitems/weapons/weapon_syringe.txt	337	64cab186df44b0580ed3dfd00420d8e6241099256f15794174f46654414d4749
inventoryitems/wholeplate.txt	497	69844a21952b1826f1b57a8f312a69f95e9742d2cca144c65d570d64703c2385
inventoryitems/wholeplate_1.txt	501	4e70bd6b006c23bf18459c9402ee34d5d1017c5892d768804946f02b4289ac3e
inventoryitems/wholeplate_2.txt	501	4210f6b0bb439638526609d1a44a5b1e8c4a8f739dc1334396a2238adb8540b1
inventoryitems/wholeplate_3.txt	501	02d43bc3284bb3907259eaf748a42f473bdb995008d7983842dad81f8088ad5c
manifest.txt	313	1b2bc6127a55863031b8668b9b1dd5ddb992870001a4c7fb1916583cc20b016f
maps/c_apartment1.entpatch	6279	dd16cf2076f3aeb2e14509d1a0e430e8914d7af784c0c7e8da5c68c203f79a01
maps/c_apartment2.entpatch	1875	6062a4276e8b83c934788ed8259e5a39ec7bbfbc1e8ef1b6796d443bc3b257e0
maps/c_apartment3.entpatch	4548	ad724d714abc734db844af504e276894aa4216b0a06200b210249aa53ae4d176
maps/c_apartment3sick.entpatch	4325	7a5e1419bd21012d9cbca05abb8834ef055737d906ce507b87578ac7227f5fbf
maps/c_apartment4.entpatch	3146	8bae4bbe9cb454e3bb75ed2f0e945da5477dbf09f39ddf49a124692f961058cd
maps/c_apartment4sick.entpatch	1999	944993f706b4b92e0d4a9cc4ab212d7cfa08dcfd67858a3ad7de89c1eaa950ae
maps/c_apartment5.entpatch	1531	622d64f4c0573843778d927970fb7ec0514d4fb48021d310aa4c0fae31744d87
maps/c_apartmentsick.entpatch	526	ffe9b1349615c3d7c83af33a6d4a73c62eec6e498c536bdd28e6de1a206821e2
maps/c_asylum1.entpatch	2782	1454f72e80328a9d433bc6d2c0db8e16abc47ddbefcb7d96884a859f02acc33e
maps/c_asylum1dark.entpatch	1104	d9705a3448d14bf594f9ac1fd3359deabc43c0b163319b97ad7ec9afa1d98c6a
maps/c_asylum1day.entpatch	2321	e6a588818380bac21ac053096558be06052cb911b411513475a2edc29cccf902
maps/c_asylum2.entpatch	522	671292771732595a313f79de2e75450ff8c76bc616c67e53342cc0a297c21841
maps/c_attic.entpatch	548	f8ea30467342bf75d5e0e221e47fcf37c3e1ea3c3dc0caf4b6e51c22a98e8278
maps/c_avlopp.entpatch	1583	259f4d3069b6717aa9eb4fb49a19d504e95f9956db559e6f416daf4432955c96
maps/c_basement.entpatch	1323	6d0bda0c5396d8ae3de4d9196c0f5c0726b7a51c2d5f87610746592ca1f5e18e
maps/c_bridge.entpatch	559	6d9369aacd6ad93b0ef3c3ff36859c42b9ff07110d7d3540c0e781f2759b8fdc
maps/c_buscity.entpatch	4319	e3ad9f03bc44a7b076de1c0cb38876cbd7d5fbf556e7622efc4866d1350e2361
maps/c_buscity2.entpatch	2850	dc74dc34857ee854a042d4e8b6e0e05336ca9751eeee29c97cf77c597b0e9a89
maps/c_city.entpatch	3260	75d580b66962ab02c3185f519829b598f1db7c7cb292ea97a4a685eb7a4a3b1b
maps/c_city2.entpatch	2780	01653b3312cba3d441fcb8fffc9f10f72bf472aca51f815a924bc1900c01607c
maps/c_cof_alley.entpatch	4650	ceda5249019609cbe5ec193a22f3f297cb4c44603b2e395d6891358fac7cdf77
maps/c_cof_asylum1.entpatch	1578	65cd916af37e2b451faf345ccc5691119c54dde75913c14774db23e5dcf13b04
maps/c_cof_asylum1day.entpatch	2249	e77f0c067f5e54acfa889b08eb309c15e73c618b43c483a30296cc106c7f86c0
maps/c_cof_asylum2.entpatch	646	2ab6918d226111feae981addd360cb23033b760d55625910a306f61db0cd3e84
maps/c_cof_bridge.entpatch	484	666ab20a877556e0fae772cca610836da09908810048d8d32e65652f5e2b809a
maps/c_cof_cabin.entpatch	492	672239e45e3e49fe612fd03c1ca24d4e3aa2abe5e880c1ab655d2c7384941460
maps/c_cof_city.entpatch	2935	3fb284cc833056e5a0933606ee05f0118b1067e263c7d91ea42f02df345e62a2
maps/c_cof_city2.entpatch	1992	b134587e4b4a8fa69cef75ff1227ff1a8913de7237a364c2eb519996de61ae0c
maps/c_cof_forest5.entpatch	480	4c384c5b642edc38c2bd16f9a7d1fa5e14ce5b9268dbd632c04ab379509f0aab
maps/c_cof_forest7.entpatch	900	d0d2519b6d54ccd67bf7e27b07b29eea88e9d1505e45dca34dc6931e67a2492c
maps/c_cof_forestday.entpatch	354	c9d4db7e4696901d6c323164294b1be72b70ab977ffb78eb952355df6c0010ee
maps/c_cof_foresttrail2.entpatch	626	4b3d1659269f9672c1786edfc8676f0e2c5fb971706a24098e876a14a199f1d3
maps/c_cof_fsewer1.entpatch	421	bab996db7fd57610fb99d990445a5c156e0ba4d6750a2ceeda7908631614202b
maps/c_cof_park.entpatch	1724	e92277efa1e06303c4edb3f56f91af062eebfa8491be95a850d29d569a370194
maps/c_cof_park2.entpatch	2097	99983b1133754e0feed390c262a7f9259e97f386ee4c32c6461e0ecec31ff1e8
maps/c_cof_stad.entpatch	2460	303ea649d1aa49da1f5ccc5989748d9b3efcba7448484604eca30435154f9da9
maps/c_cof_street.entpatch	1784	f4486008c6f426a4f189d8fca30fad2d2963582bce1adeb313cd993781792ebe
maps/c_cof_subway1st1.entpatch	1391	7842871860717f615c6e915fd8486d68e9fba793ca875e1c33ff48f71cd50af3
maps/c_cof_subway2.entpatch	1675	1051ea3e1a7b77fd9f7f68237629b2123046ac8e83c2882b9900dc43fe037bcc
maps/c_cof_subway2st1.entpatch	1370	f31ac554c158c0bd810a3fb88c237100136dfb3eb6e516ed7c8338aa04e21633
maps/c_cof_subway2st3.entpatch	791	9d475c668cc2af95ccd578099aa31b377ca9315ef19b0bea3da7e4a003c63337
maps/c_cof_subway3.entpatch	1325	cc353f5b7550dfc228dc92eb55cb0ec13821ab5bb180c83ffb2007fadbaf5d9c
maps/c_cof_trainride.entpatch	598	cf45a3ce78277e89a2f76c6203147b2b8cbab533ed404d103fe2d1dc13f78eb4
maps/c_cof_trainride2.entpatch	415	005b87dc7bb71657114264088ff7a1ad6b1832fde48de60f9a46ad9fd6656371
maps/c_cof_village1.entpatch	4198	b164abf2bbe33354c6b169c4e2d743aa2c8570dd2437313000151667af3da8c0
maps/c_cof_village2.entpatch	2803	b7ece6899d9bf51623130c4f688f393cd6ac0ca88a012143c6113584a96fb61e
maps/c_college1.entpatch	4678	585acd704b4a897460c4ab42a4dc07d473e3b370e4ef4cb960c71db6238b13e2
maps/c_college1dark.entpatch	4595	5a8e9ad215832845b7506a3e2e5afb82f87457e0e250f408b6097f9173708914
maps/c_college2.entpatch	682	0e591aeeb1964a64c5da7e778c54b7545c16e81248d841964e9c852ae58fa266
maps/c_doc_apartment3sick.entpatch	3187	1b1c6d808b2c585feb853c0a1f40567df8c92febed7ef9f3ce9867ec17382d88
maps/c_doc_apartment4sick.entpatch	1439	66b8dbe5f0f5a8db4630270c4b7e8eb4832d2d61fd3dd05ef2912e0c2a9cead4
maps/c_doc_basement.entpatch	978	9240cb5541ce57a947b06a87079633cf7a33ae6b359e1acb00d30aecf75e2c16
maps/c_doc_city.entpatch	3022	1359650533ca8b1cba0b8b58a33ba3f2399352199cea384523e4c6dc6f6deb2f
maps/c_doc_sewer.entpatch	1042	152c994c80d0a8cb9582b769488879b729f221ac794a4759abb3bbad9db81a25
maps/c_doc_sewer2.entpatch	1174	d080a1da89fdbd86b493206cb970d8992b4ae53792aab5f9b359a701303d21cb
maps/c_doc_sewer3.entpatch	1236	6bc0ac79cedb5bcb1667f918a0625f61e4be5266e4b9599ef42f6eaa528c8544
maps/c_down.entpatch	1379	06a570fb06aa540239cfcb16dbcf080d7f7178a086d1548be0ed8a199e25fce6
maps/c_ending1b.entpatch	410	42ea3cac2e73272effc42557813dbc546577d2aff1ddb3514122c5d9b93f093c
maps/c_ending1c.entpatch	1434	4735b9bf5080ae7ba3476cfa8f98e94f4ce95810849b3fbcc7f0a3b72ecd689c
maps/c_ending2b.entpatch	410	a357274e8858213794b9103515f294ad54dda9f6e52dd6c47084394f5977dde4
maps/c_ending2c.entpatch	1434	d1c87a4119acc0c38e1243c2519f72ece50994e3513febce6d55c4e10d7e6e92
maps/c_ending3b.entpatch	410	a369c91d64b83aad57336c16b927549b5cf3f58c09a81e28ac55abe64cf5e4a0
maps/c_ending3c.entpatch	1434	c3bf3de42c3c67fdd95577b1175acd0168b7a81d02e9e8d1c432ee767c1c6985
maps/c_ending5b.entpatch	402	d3813fb257f778b097d3e64f92fb07e10368af8a610ec7cfd0b567ce2f30d6d0
maps/c_forest3.entpatch	455	76f70823b7d917922f8554e18206a40e9addbb31cb59e6d280c0586e56b9518d
maps/c_forest4.entpatch	697	33951452b1d5cca2622cc867ed625f2a56a521cee6c013fbde75866018a90053
maps/c_forest5.entpatch	355	19d4df575c1b1d36d038b8c40d4c29bb5fabbf48bdf8dea1726e910971fcc439
maps/c_forest7.entpatch	1079	83c107414ba2c7e5ffa56c448b68b000715398cdd792547bdec1daaeffca3728
maps/c_fsewer1.entpatch	561	6fb9ec18e246c388bc798898618f084eb642474b7e97db268bd55ab821535894
maps/c_hamn.entpatch	1634	dbd27ef7e81b7e548234aa4950a4c8c52e0cd393a79bb22f51e0853f1f72c575
maps/c_hamn2.entpatch	1317	c6112553447f46037618ad30023cd8ec6518d8d92c91e5e2c4e5ea266b876d56
maps/c_hamn3.entpatch	3873	f814a61bc42930e6886f918c199acabbd90863f6a48285093c82ab88eeeb7bc9
maps/c_lake.entpatch	336	7341bc0aa55b7495506b1441a9a0e14734dfa9cfe9fdbfbb2ec2710d98e42a4d
maps/c_park.entpatch	2295	9b921ab71aa6d21a9f0d4ae519beea4146b6e81e63259a081bd1860eaa293fc8
maps/c_park2.entpatch	3633	66c18202f66fe2d53e94b960593282f59e56ff4473be934bcec1ec8901e87a07
maps/c_park3.entpatch	3816	859b76b425b12f8bef3dafa3937cba1f4be3fbcb6cf6c0283eb947520cdcd252
maps/c_roofs.entpatch	2914	3240fdb69c5d71532136d75fdf5d72d2536ceeea20dfda595391cbb12388f37b
maps/c_roofs2.entpatch	2921	bb3e14d0fe007e5a6a3153fffac2b18609f7ca928678cb15ea3107a51e21d8b8
maps/c_sewer.entpatch	901	4ce1f92785b530e2fb3bfaa35592f3293ca2c7696c86e1544169ce0cea890f31
maps/c_sewer2.entpatch	1658	9bbf0329d80024f8c740982dfa5c8f33c3461bb2ded82481caaa2dbbee91780d
maps/c_sewer3.entpatch	3376	7778336d7455046ff81f89f3bdc086beabff1936a4fe01fee74447d697767186
maps/c_stad.entpatch	2846	c277a879e24044212cb9f119f769c5dff4c01b920fc022ba29753a23625871d8
maps/c_start.entpatch	1344	6a8b832f4ba95b571a28dc08260de341ee62449cb016bd2cca5dc4f9cb1a7339
maps/c_start2.entpatch	2510	0acad5a46a58983df8148734026faaca06518092c089884a83c359728ce217f8
maps/c_subway1st1.entpatch	3385	2b38d2962030a0fe44d6229248c25b4672e6a8897dab583d081437877acefcf5
maps/c_subway2st1.entpatch	2423	19cb41c584dfb942de056b9768c9fa9673eb6066b277c91ff7f67b5cb8b4a99c
maps/c_subway2st2.entpatch	934	3ed5c0620775e0ab3fe56ed028b975a084f7a15eb3390a3ca0dc603c26b41809
maps/c_subway2st3.entpatch	2216	19735c726d1607ab37c15333b1157c45a0b69ad7c9426a755f4dbd74535b8c3b
maps/c_subwaysick2.entpatch	1345	add0ade4ec4689e8f8728101b3bf66dff7a4a6ccffc4e875df9f3b1f92fbb4f0
maps/c_trainride.entpatch	1574	33213971f628daa08dce1eeb0abbdf289d714b4f7142f4a6abf36cec199b74f1
maps/c_trainride2.entpatch	1340	cd9769be307b5b0f955cdab2a0cecba6f8aaee0db9a123e459e30b917be36b81
maps/c_village1.entpatch	4571	f1e55746b0fefecc14f4fffd2043d869248c2142deec6b75b3370f39418cce0b
maps/c_village2.entpatch	2991	30c44736be19bcb2ae1a3ceddd31330a60bf457d0080b91e1420ee8d990882e0
maps/c_village3.entpatch	2987	b91b9dcd969e6704e247ac3db83fda6fcb5e74262c47ba0a74873c3f9cd9e6e9
maps/cof_campaign_01.entpatch	3100	d5bd0d78c9313361d4455c4e44d87f2d58c7942f564588fb4574eb3a0b194ebf
maps/cof_campaign_01_p2.entpatch	814	5ed2091546b1b95846544bb8ac928bdad3f3fd5dd65121b87eebcfa302d049df
maps/cof_campaign_01_p3.entpatch	598	d419e8b052144fc67f1220519c653d58343f2a5f37c8e0ebf82133878028f948
maps/cof_campaign_01_p4.entpatch	2177	946aab6ea8ef9c8fe814fdc78bb7ccb9bee7b76be841271cd49924cd53970683
maps/cof_suicide2.entpatch	1832	8cc7f63825a6279cb01d84d08e2d3e3b157b82dfa4f974bea334bfb0a1baa7fe
maps/cof_suicide3.entpatch	386	53fd729d5b9674c7e2595222376727263bbca2bdb1e730e9b77198a9ad34f6d3
models/Props/Blandat/briefcase/tex2.bmp	263222	300efe187d3078abae9e4fd84253295753de634a0efb42bca11c471333cc6e7f
models/Props/Blandat/dropbox/screen_on_fullbright.bmp	66614	909c9a84605bec038b9a14632cca6697965b354c1241cce06e2bf8ef5b1b5d18
models/Props/Blandat/e1bookbig/tex1.BMP	263222	8cb5b7728ba781eaff7c97e0ea2839266fd53cc47dac9a283b5ecc8445c25882
models/Props/Blandat/e1pages1/tex1.BMP	50230	82eb6ceac9d25b126974f190c948300f1392bf05b57adbb0a4840d0da4827593
models/Props/Blandat/e1pages2/tex1.BMP	50230	82eb6ceac9d25b126974f190c948300f1392bf05b57adbb0a4840d0da4827593
models/Props/Blandat/e1pages3/tex1.BMP	50230	82eb6ceac9d25b126974f190c948300f1392bf05b57adbb0a4840d0da4827593
models/Props/Blandat/e1tidning/tidning2.bmp	187446	a7eeddb449f67dc2b5100c46efbde469905941aea77e8bb2c4c8ff89d5e96b71
models/Props/Blandat/e2tidning/tidning2.bmp	187446	0f4787645da74e088bc6c2632acbc159d1da68cc08313c792ba673ed186ab6be
models/Props/Blandat/togvagninne/tex3.bmp	58422	5e10aee53bd626401983b7ac48420d97560fc1d394be0327b233bf02085404b2
models/Props/InomhusD/soptidning1/tex1.bmp	263222	74393fd0f897ba9465412bc45e9f0ececdbfb3e01d8cd21d858eea7d49c53071
models/Props/InomhusD/soptidning1/tex2.bmp	263222	74393fd0f897ba9465412bc45e9f0ececdbfb3e01d8cd21d858eea7d49c53071
models/Props/InomhusD/soptidning1/tex4.bmp	263222	29614e8a88be19d5f178a5f22df09bb446ba91d804cc26a37af5c79271b5a585
models/Props/InomhusD/soptidning1/tex5.bmp	263222	1cfba7213f1ac7b1e443d4d0539f86a68222d646551a304737aae0ceeee4fde6
models/Props/UtomhusD/sandlada/sand1.bmp	156566	0afd3b0462c0a21ee0a37fd173a2788242b2e5722eacaf8f9a6e5e5681a25740
models/bookmenu/page1.BMP	263222	5df5549c62a2fd4e54903d48e921f0b97df48d1f4d64608ee290798b7874a233
models/bookmenu/page2.BMP	263222	cf27c57a5130ca1432d82b7c77770e198406fb97406eca4ab45901e349412e35
models/bookmenu/page3.BMP	263222	b2c9f55361203c6da3a2d000b8760badba4107b8044abcda49f01db0488c87ae
models/bookmenu/page4.BMP	263222	78cc06ed572831178d8c34f976196b66fbd55b620f0f768b9906625bbc9802b1
models/bookmenu/page5.BMP	263222	140101fc67fb222d2375ca0336e386fc663e177328fbb18b50610ef1bab33c2b
models/collab/intro_customphone/tex1.bmp	263222	6dc0f0fb6ae06030b7b141971d696d8fdc703cdac4784c34c0fa93412f74b150
models/cutscene/chainsawguy3/tex1.bmp	263222	6dc0f0fb6ae06030b7b141971d696d8fdc703cdac4784c34c0fa93412f74b150
models/cutscene/mobileprop/fullbright_mess2.bmp	263222	1d501b63d11fab0cd5da89e8acfd132438213593e39330e60a38f920af8b8cc3
models/cutscene/mobileprop/tex1.bmp	263222	6dc0f0fb6ae06030b7b141971d696d8fdc703cdac4784c34c0fa93412f74b150
models/cutscene/player3/mess2.bmp	263222	1d501b63d11fab0cd5da89e8acfd132438213593e39330e60a38f920af8b8cc3
models/cutscene/player3/tex1.bmp	263222	6dc0f0fb6ae06030b7b141971d696d8fdc703cdac4784c34c0fa93412f74b150
models/cutscene/player4/mess2.bmp	263222	1d501b63d11fab0cd5da89e8acfd132438213593e39330e60a38f920af8b8cc3
models/cutscene/togvagn2/tex3.bmp	58422	da64b823fcf0cc8530666bafc75f58233962c7a6b95728b0fbd6956545cadeb4
models/developer_commentary/dev_text_fullbright.bmp	66614	6d0e7df3afabd6e268e0ced251309d4475334994489a717dda97c0c6bb3d36d9
models/weapons/booklaser/v_booklazer/tex1.BMP	263222	8cb5b7728ba781eaff7c97e0ea2839266fd53cc47dac9a283b5ecc8445c25882
models/weapons/booklaser/w_booklaser/tex1.BMP	263222	8cb5b7728ba781eaff7c97e0ea2839266fd53cc47dac9a283b5ecc8445c25882
models/weapons/mobile/v_mobile/fullbright_lowbattery.bmp	263222	b9886a9012145e99d8267bdcb233df4eea97e57aec3fe3d3c799b688ada127ff
models/weapons/mobile/v_mobile/fullbright_mess1.bmp	263222	faa53e9bf6d5e418fb2fce3568734edd46da46e429f19d34c504ecf557fe6a7a
models/weapons/mobile/v_mobile/fullbright_mess2.bmp	263222	5192e9ce4f49fea62f438214c55ce6ca7734e408dbb87d7883790e715f14fe07
models/weapons/mobile/v_mobile/fullbright_mess3.bmp	263222	1ad8cb364dfb83949f49f047b6d950ddc8bced983bf360332d255ecc33a09c74
models/weapons/mobile/v_mobile/fullbright_mess4.bmp	263222	0324761891262d9e7c93a7cbf79661c7bea8bf136f5b4137f77b566111166719
models/weapons/mobile/v_mobile/fullbright_mess5.bmp	263222	e901794aef66bb96e864016f3fc8fe1a4564b9df058aee60ece1385c2e6a4437
models/weapons/mobile/v_mobile/fullbright_mess7.bmp	263222	8ff914179f023adffbbcd70c343cfaef94d29da4480bd756825c36ed881987de
models/weapons/mobile/v_mobile/tex1.bmp	263222	f2af4ca77240d75a5e23ff55511b1140b7820d77b18302f633f731ef9a23055c
overlay/cryoffear/gfx/bumpmaps/c2_polistejp.tga	12373	3c65a8604dd67ffa076a7fe95b0384e74cce72f22ef6a2fb4cf79fd044961aae
overlay/cryoffear/gfx/bumpmaps/c2_polistejpsic.tga	12379	98a58915fc47921153d957bb63bf7e86e3f2944fd78ece33b4ae45507d83f03f
overlay/cryoffear/gfx/bumpmaps/c2_tbsign1.tga	6218	61cda68784ebe2f786e9de5a80d65b3c02d02427024bea1ec85f137e9b4a24c6
overlay/cryoffear/gfx/bumpmaps/c2_tbsign2.tga	6218	61cda68784ebe2f786e9de5a80d65b3c02d02427024bea1ec85f137e9b4a24c6
overlay/cryoffear/gfx/bumpmaps/c2_tbsign3.tga	6218	61cda68784ebe2f786e9de5a80d65b3c02d02427024bea1ec85f137e9b4a24c6
overlay/cryoffear/gfx/bumpmaps/c2_tbsign4.tga	6218	61cda68784ebe2f786e9de5a80d65b3c02d02427024bea1ec85f137e9b4a24c6
overlay/cryoffear/gfx/bumpmaps/c2_tbsign5.tga	6218	61cda68784ebe2f786e9de5a80d65b3c02d02427024bea1ec85f137e9b4a24c6
overlay/cryoffear/gfx/bumpmaps/c2_tbsign6.tga	6218	61cda68784ebe2f786e9de5a80d65b3c02d02427024bea1ec85f137e9b4a24c6
overlay/cryoffear/gfx/bumpmaps/c_donotenter.tga	12458	9bff0eabb441473b239a4fa2004d51030a172deb35eaa07c2cdbd91746e108b5
overlay/cryoffear/gfx/bumpmaps/c_polistejp.tga	12288	6dad93310fe9e03bafeddb7aee7037740a768dd1a3e292863aa6589fc550ea59
overlay/cryoffear/gfx/vgui/640_apnote1.TGA	1228844	57316846677edf68f4251e255582f02c9ff872177b4a4007921e5d0b829fdcc6
overlay/cryoffear/gfx/vgui/640_apnote2.tga	1228844	f4d992e8e1a35aa999741bcfa172d0dae99097f8c2135372d41e9b6d391b8a97
overlay/cryoffear/gfx/vgui/640_apnote3.tga	1228844	b55ff3ca2a4adf5a219f5f748d8bf653a0b04c5434eb5e29be467439203c7fd8
overlay/cryoffear/gfx/vgui/640_apnote4.tga	1228844	2c0ff4a22cd98fa619e94c5c80721d01a794c4237fe0ce36a73b61a75f15323d
overlay/cryoffear/gfx/vgui/640_boilerpuzzle.tga	172844	e06cf90d1798c9ab2e5fc1f91028743cf4b429038571e66d3bd7255a4d9f6e0d
overlay/cryoffear/gfx/vgui/640_cancelbutton.tga	15044	2c5668f377083ffe7c88b3042170e8a10413805691db4a2c24b94d6b4c3fb3ce
overlay/cryoffear/gfx/vgui/640_difficulty.tga	921644	81ee3248559dd2c1e1135d2cf8f254b8e21e0e184e6c340bbf73e066d3f6c0fc
overlay/cryoffear/gfx/vgui/640_difficultylocked.tga	921644	1da5100a37e4c1890afb0658679a42f322b4d816b5e85eab84e6dc94270dba6a
overlay/cryoffear/gfx/vgui/640_gustavdahlwelcome.tga	921644	4ff1aaf53c5a9f33435ab5c60c44d7458abd9630b6dbdfb26bd3b829d487cf75
overlay/cryoffear/gfx/vgui/640_horse_button.tga	921644	f916212eb956bfcc9d04a03f1f9198381b5d62d8f2eb15b9e09cf55dbda47572
overlay/cryoffear/gfx/vgui/640_inventory.tga	1271996	515fd7d39e4f9c4e916afac2b91c05d41a7e999930d0ee7bdf1a742e9d3732d0
overlay/cryoffear/gfx/vgui/640_inventory_p.TGA	1185432	da0378c0457dd628118cace152782d859b5478ccd4dc9be14e9e2dc8d66283a7
overlay/cryoffear/gfx/vgui/640_inventory_p_c.tga	1185007	80524db81c4764bf61f230c29561e6a860eb18b207e8e9e8c0a94290ac678913
overlay/cryoffear/gfx/vgui/640_inventory_three.tga	1280961	5fba844bf3f410df78723a768dac99c5efa01e7a8587409a0a088a6a6c899ebe
overlay/cryoffear/gfx/vgui/640_panel2back.tga	921644	52b6799033876e064ece02e5d8d80a5414f91b7b4df791d19374d36c95488ac2
overlay/cryoffear/gfx/vgui/640_panelback.tga	921644	96600a73a20a06be429067156f9f43b13506d3ba449d49d9310433a9f1ca4215
overlay/cryoffear/gfx/vgui/640_purnellnote.tga	1228844	8c28552c04a47ca9827de21398785d1edb35f6a0f2036a6c03a0dc59b42d6279
overlay/cryoffear/gfx/vgui/640_roofboss.TGA	21438	317abae937b22dbdc12f722781e7dc1fa661b39ccd5b4e254fa366e55465228f
overlay/cryoffear/gfx/vgui/640_savegame.tga	31610	f820b60b78fc5a91557070d571958beebddd63dbc9b85433a580654e345f6b36
overlay/cryoffear/gfx/vgui/640_sewernote.tga	1228844	f67e68f8b17d7d27908326f118eb97b2d9523ae9fb6bf67204de0d248a5013ad
overlay/cryoffear/gfx/vgui/640_skarta1.tga	1228844	7d815bed6a4ac4e9d412f5217db2c20715b44d21c79450213ef1931cefffe732
overlay/cryoffear/gfx/vgui/640_skarta2.tga	1228844	0f5aeb655ace9219a534ce0ddab8784cadc8c13faf5c1be14fe4025f78d1ffc4
overlay/cryoffear/gfx/vgui/640_skarta3.tga	1228844	44ab79e8aafe366614e5fc62ec816e2e94a394becd36d516061ef966728ac74a
overlay/cryoffear/gfx/vgui/640_skarta4.tga	1228844	f1d5d7ce3a1a9ff40b9392ce1517a36df277b8f605fa47b1df8e8057cd8b7063
overlay/cryoffear/gfx/vgui/640_skarta5.tga	1228844	cb66b95096a710de071eda9db54619b8cacab589c5753e443a64125c4cf86daa
overlay/cryoffear/gfx/vgui/640_skarta6.tga	1228844	edfc4230b12a026770101b69a443ec7b57d5bcdd75dc9414e53ce6539370be7f
overlay/cryoffear/gfx/vgui/640_skarta7.tga	1228844	e16b8b9546c23c4d1fdb6b4703e6230fdd514f7651254e1ebdc63f23ccff3940
overlay/cryoffear/gfx/vgui/640_subnote.TGA	1228844	498acc5a4e14eaafd62107d22c7299e6a9d7195df209fe87c74da8e32bc9729f
overlay/cryoffear/gfx/vgui/640_waspetgardens.TGA	921644	641db558d62fb6ec80e4ca55231153b68ba22c8d72539cdde0657f6316d60df6
overlay/cryoffear/gfx/vgui/640_weapongive.tga	27897	a1ff7c417a54f7daad28be8b2b5dca1c6487bb8f95558b3b198208aa82dc525e
overlay/cryoffear/gfx/vgui/boss/doctor_health_empty.tga	12692	51e1b6a1c44f7cbf6de4a51f5ba15f50beb322c80e857f4fdacefb556f739e3e
overlay/cryoffear/gfx/vgui/boss/doctor_health_full.tga	12073	02893bbfee018f45e42a86e73019a37fc4ed192c6e12d673a199e17a9e4d533d
overlay/cryoffear/gfx/vgui/bussmprv.TGA	921644	44027908ad466683d19a6f1776ca33227e5f34396694b567bbcc5112d6cd1170
overlay/cryoffear/gfx/vgui/fusetable.tga	921644	ded8c3aeee7eeef73f8333d5b955a2f777ffd1a8a3c4e927e02c6abdb8297025
overlay/cryoffear/gfx/vgui/game_over.tga	44946	6d108eae04aa7269677ad71643428b11457d3102cb114c3f0f56207f482a454b
overlay/cryoffear/gfx/vgui/game_over_exit.tga	11114	4ed75f12df81aec8a8e4d1dd28bd80611b215d512d6aa0fd4b1a7a49e62d822a
overlay/cryoffear/gfx/vgui/game_over_exit2.tga	11080	9f7cdb38550b00578a22ffd5938be9e6b77f7abeeea26a3c978e367b00630117
overlay/cryoffear/gfx/vgui/game_over_load.tga	19032	ff3af771554d033b0c73f10b922f931cb47274c1c9c48a9743af80f039c91d27
overlay/cryoffear/gfx/vgui/game_over_load2.tga	18997	6f15151474b7e30b3d6a8dc1ff5b3c6e7a8b6a2faf611879b3b130eb5bb64f44
overlay/cryoffear/gfx/vgui/hansts1.TGA	921644	a2f216e6e392f7ff279000a6d573f4dc77031da4ef156b4693112283863d42e6
overlay/cryoffear/gfx/vgui/harbortt.tga	921644	162429c773365bc7098d6d2358edac5755f98069a8a6be61cfdab39d70ef63ab
overlay/cryoffear/gfx/vgui/introductions/english/english_coop.TGA	220058	f9a46f0509aec50286c197d08b8ef2e7fb6c7ef49a5d2e6c8580e6c0788baee2
overlay/cryoffear/gfx/vgui/introductions/english/english_doc.TGA	274589	2d71eeeed1f4ba31395c30914011cc95a132d1e9056f2fe5487f437fa8404859
overlay/cryoffear/gfx/vgui/introductions/english/english_sp.TGA	119730	0bdb77e1009569dd25d894146e4555e13d920ff651ab718af282609a18ac638a
overlay/cryoffear/gfx/vgui/inventory_items.tga	61270	4aa8b5ff6f13fd79f694665266be22f946aacd495e55631e620e3bac47d733fa
overlay/cryoffear/gfx/vgui/inventory_weapons.tga	101878	00630aaaf1bd896892a7ac8135fb0f4da0bdabbcb484967e4e9ed26c0406ac38
overlay/cryoffear/gfx/vgui/items/apartmentkey/640_apartmentkey_check.tga	66019	c41e653cf99fcf564c5f9f34a1735c83783f25fb84f3b6ede3ec1f266c9a5512
overlay/cryoffear/gfx/vgui/items/backdoorkey/640_backdoorkey_check.tga	46940	e4709b0fb923405bbe4bed5bab62cfd9cecf8b16c71921c0bf518ff6cb1e46d8
overlay/cryoffear/gfx/vgui/items/basementkey/640_basement_check.tga	42075	0f6c0b48b46caf876b8586d4d1128d872e66ae350bb58e9e2dc8738221e10616
overlay/cryoffear/gfx/vgui/items/basementkey/640_basementkey_check.tga	42075	0f6c0b48b46caf876b8586d4d1128d872e66ae350bb58e9e2dc8738221e10616
overlay/cryoffear/gfx/vgui/items/card/640_card_check.tga	60278	4f8337ee885357753071e8b61fd7a6e3257ce30ce1aef85adc094a275c6bbb6a
overlay/cryoffear/gfx/vgui/items/citysewerkey/640_citysewerkey_check.tga	46799	0013e74dd90737f382723180f2244bae0ae0c6fd52f93f00184f0fc2754346d6
overlay/cryoffear/gfx/vgui/items/classkey/640_classkey_check.tga	43110	d163cb1d0028d160a438ac06399b2e48ccecd7463b04f16dac0e7be20beadac1
overlay/cryoffear/gfx/vgui/items/doorknob/640_doorknob_check.tga	36279	caad45841fb5ecd351fef0a7d34ebc896b19c11a7a052ec06b0a85423c2f8c69
overlay/cryoffear/gfx/vgui/items/entrancekey/640_entrancekey_check.tga	29065	d52e19df1e29f7b73710ae59e854e941e7997e7728ce3fae9241ae6b3125df68
overlay/cryoffear/gfx/vgui/items/firekey/640_firekey_check.TGA	45534	8f53685f4e7396d7853a7857e4080673cd3cd20b7594571a13592779cd03cd30
overlay/cryoffear/gfx/vgui/items/foot/640_foot_check.tga	40891	3eeec4dbb42249ead130a48282b77a6cd011f9c1b090093b8c52be03b8993966
overlay/cryoffear/gfx/vgui/items/fsewerkey/640_fsewerkey_check.TGA	40565	786697d12be9393212dcec2b7eff3d546d6fd1819b53e2b291a9a44e8cfbd7f6
overlay/cryoffear/gfx/vgui/items/fuse/640_fuse_check.tga	62217	dd6a4260d37dbef220ec5efb73716db70770c8cdc494cd3a00be4f0f0c7d712d
overlay/cryoffear/gfx/vgui/items/gatekey/640_gatekey_check.tga	43330	9329699e0f70b6b535829439317eaa6207eaba9b7c8bfd0684703927f741f39f
overlay/cryoffear/gfx/vgui/items/gatekey2/640_gatekey2_check.TGA	42310	09ba94738aa2dab09a1fe50bf2e10cd472a5e5faa1a88e6c01557cee0f332948
overlay/cryoffear/gfx/vgui/items/hallkey/640_hallkey_check.tga	37503	f151cefd0a55664a062731fab245e18593a235204ecdb1a08e770ba363435007
overlay/cryoffear/gfx/vgui/items/ladder/640_ladder_check.tga	52775	b52875c66c444779ab669b5c01d3582e0e24680c7a00365624d6711028e782db
overlay/cryoffear/gfx/vgui/items/lighter/640_lighter_check.tga	40302	2276b76b3bf2ba2e076be55eef86c7133689e84212ec9a7992622ed1fd65d942
overlay/cryoffear/gfx/vgui/items/package/640_package_check.TGA	63587	c330caa0fc7b6b8d2ae9b1da4c31da61a785840c4c4c6ebc12112ca917336ec6
overlay/cryoffear/gfx/vgui/items/phone_battery/640_pbattery_check.tga	54536	624247689a05ad7f412bbc5ec506905811a32b22a90d7891593c9dd0533f20e9
overlay/cryoffear/gfx/vgui/items/plate/640_plate1_check.tga	58888	7ce577d19785bd250677f4294841e2d0425032476a1427a6e30739b5a1aa2418
overlay/cryoffear/gfx/vgui/items/plate/640_plate1_left_check.tga	70172	a901972af45b4209c772966cf56eed9b15a00d929657ac431cd2c1e331098b6e
overlay/cryoffear/gfx/vgui/items/plate/640_plate1_right_check.tga	72474	a87649b2ce05f2a525a7d3896b5bdfc4579927ceca5f597c1c3dd7bea5e9b2e6
overlay/cryoffear/gfx/vgui/items/plate/640_plate2_check.tga	59118	26bbeac2b529543299ca2f1748f2fd9c2703265580dbea9ed2415dca063d8d27
overlay/cryoffear/gfx/vgui/items/plate/640_plate2_left_check.tga	70172	a901972af45b4209c772966cf56eed9b15a00d929657ac431cd2c1e331098b6e
overlay/cryoffear/gfx/vgui/items/plate/640_plate2_right_check.tga	72474	a87649b2ce05f2a525a7d3896b5bdfc4579927ceca5f597c1c3dd7bea5e9b2e6
overlay/cryoffear/gfx/vgui/items/plate/640_plate3_check.tga	58982	d9a7f954683dedb043a8f7d996bd21ed9e2b6646f7aa980d617f5cf36c97a7f6
overlay/cryoffear/gfx/vgui/items/plate/640_plate3_left_check.tga	70172	a901972af45b4209c772966cf56eed9b15a00d929657ac431cd2c1e331098b6e
overlay/cryoffear/gfx/vgui/items/plate/640_plate3_right_check.tga	72474	a87649b2ce05f2a525a7d3896b5bdfc4579927ceca5f597c1c3dd7bea5e9b2e6
overlay/cryoffear/gfx/vgui/items/rope/640_rope_check.tga	45420	52c60bf0fff4d4cfd0db84b6320a981d91d3b34bd33de590462ca0c7705b665c
overlay/cryoffear/gfx/vgui/items/rustykey/640_rustykey_check.tga	34732	30da0e3d15b53c08f61db4d459766f9f263ca762b6bfad4242afd1060d8f7430
overlay/cryoffear/gfx/vgui/items/saw/640_saw_check.tga	36355	8f799c484c10a9bfd41531f725c573f87ebd1a025bb6facd182f75d79903b5de
overlay/cryoffear/gfx/vgui/items/scissors/640_scissors_check.tga	44035	9deb74d4b9192df3ac955d82ab45b7d4fa8512b33f618fff966ae03ff4b03d2c
overlay/cryoffear/gfx/vgui/items/scissors/640_scissorsleft_check.TGA	58849	dd13647f7a613afd74fbd3933b2ed1e5f8b088c8dcc7c36930cf22e4e2ba614a
overlay/cryoffear/gfx/vgui/items/scissors/640_scissorsright_check.TGA	58614	e95a943fdbd6e10381a433feadbc4abe335cee8d3279e8c0ad5687933b4f6683
overlay/cryoffear/gfx/vgui/items/screwdriver/640_screwdriver_check.TGA	53432	d0a458968d8c3b8c89b2d7ab62856ba022894f03dac58ba7aaf2c50ecb0f2026
overlay/cryoffear/gfx/vgui/items/securitykey/640_securitykey_check.tga	50933	7308f5fc1132a27b0cdd167d18fdb63e0e398f33487a98a5a8f505af1baa7da9
overlay/cryoffear/gfx/vgui/items/sewerkey/640_sewerkey_check.tga	60078	5617524d9c1b6f11aa4a9f057bd43dee99544a810c705115ed72c62a60da186a
overlay/cryoffear/gfx/vgui/items/spade/640_spade_check.tga	62966	4a8896d54af16c5016f1a618584297ee87ec82e667f1083bb57ecb49fc46b4ac
overlay/cryoffear/gfx/vgui/items/staffkey/640_staffkey_check.tga	46092	18247587434377619edf105b2ce8c4ffd2048fd2bd863fe76e93fd2f7c91228f
overlay/cryoffear/gfx/vgui/items/taclight/640_taclight_check.tga	80328	d2115ffca81b3740f9479293c6863790a77f6949c33f029c1247cceba0a915cd
overlay/cryoffear/gfx/vgui/items/tapes/640_tape_check.tga	62570	05c44c0107be097f3ec03720dc05c338a76de35a57c6d4490a47fc36ea7435cf
overlay/cryoffear/gfx/vgui/items/valve/640_valve_check.tga	41368	af4e4dde5223d13947c2f7e616fe87039a8ef10a9942e69b03eb94c1a8e0e774
overlay/cryoffear/gfx/vgui/items/videotape/640_videotape_check.tga	52681	7d31b320c78a391b7abee1e3e50c1bb9d6b2ce505ab43f4636952da5afe2668c
overlay/cryoffear/gfx/vgui/keypad3.tga	921644	f65c6b29ddaa59dba22dc0a99a03df62819e16d69aa38375672144c58524f850
overlay/cryoffear/gfx/vgui/language_settings.tga	921644	624c0c7a893c0d52b3347bfe03687b42a0c204ac4ac5282cf7486f05709fed30
overlay/cryoffear/gfx/vgui/lobby_background.tga	1440044	56d2bf925c0b812b5b948a9f23e3fe8cdb21bf78d9a15083ecd47098fdbf2de6
overlay/cryoffear/gfx/vgui/menu/aomdc.tga	72766	2f96f8f7532203cfb5baa884a140be8edf80aff4d4afa63297343a360a0b4336
overlay/cryoffear/gfx/vgui/menu/aomdc_mo.tga	72766	d7fc2a3b9dbc54b2ccba7f38fdf7b9d9075b41440296268fd8a7e8423a0fc6e0
overlay/cryoffear/gfx/vgui/menu/cancel.tga	7373	3286dbc1e7d8410b4c06e6885a9935e9c20b520835059fa3e80fa9f199d32a2b
overlay/cryoffear/gfx/vgui/menu/cancel_mo.tga	7297	1268407745c483eb8c867bb8ed85d74324bd2904d611df6c0c439fd9dcda3273
overlay/cryoffear/gfx/vgui/menu/clothes.tga	92620	5055527052910226de770f099fcbe05d9ca941a4a570917311e1f3a6c6a76a8b
overlay/cryoffear/gfx/vgui/menu/clothes_mo.tga	92618	4b012f961e74b3f447a7a028da29c06ec09593667709f2ad2a000ab7f691d667
overlay/cryoffear/gfx/vgui/menu/customc.TGA	9325	59f44d25bc32127d3ad26aca2cdff5535381b449cd5bd546ef8933d5dc31854f
overlay/cryoffear/gfx/vgui/menu/customc_mo.TGA	9268	a97552f0bedb5503719b23d0fe6f76ffe849a2cb6f87a0f7158b89761da94d26
overlay/cryoffear/gfx/vgui/menu/donate.tga	58923	49586a76ac8af9bb3b555488183ca6e062e7e73e760d92ddababf11741420fbd
overlay/cryoffear/gfx/vgui/menu/donate_mo.tga	58921	aaf407f3f0790fcb7d466c076a7aa24828caf1d14854ea8902f357d7d587b1db
overlay/cryoffear/gfx/vgui/menu/extras.TGA	8275	10d5da65593ca8b5059121a8c8b03c400e27a1f728d1f21309a7c68f412d45b9
overlay/cryoffear/gfx/vgui/menu/extras_mo.TGA	8215	6fef8017a2b1caab713802aec100b576c77c9b72ebd1385ce21f2a0552530610
overlay/cryoffear/gfx/vgui/menu/facebook.tga	42484	964f1e192e396f897d2a9e40e7482e754d5039ae96fed684d8a429cede636370
overlay/cryoffear/gfx/vgui/menu/facebook_mo.tga	220844	468525ba6dc2e6d62eeba96c0d8fb79f365daf3f194c50c10292a9daf3bc84db
overlay/cryoffear/gfx/vgui/menu/hserver.TGA	10268	5b596da1671095d717f7fb86123de4d0c5818879d83d3c48b45a7666c9676430
overlay/cryoffear/gfx/vgui/menu/hserver_mo.TGA	10224	8f3319c0d587d411fc98bf43c18e92e22d4ba68d61317bcc086a1b0a8a348cae
overlay/cryoffear/gfx/vgui/menu/jserver.TGA	12342	639450541a584300f3f0f6185bc98a18b852080cba76f8b0071fe05df6fbc226
overlay/cryoffear/gfx/vgui/menu/jserver_mo.TGA	12241	1f68d72f8b4c19475d00deecdbe47fde275052f4e0b36531724bc338317d1d51
overlay/cryoffear/gfx/vgui/menu/language.TGA	7214	1ed211c8fd0df3d6e78b5baf3ffa47e18bb3c9337cdd7139ee1379352b460055
overlay/cryoffear/gfx/vgui/menu/language_mo.TGA	7114	3ea5a20b23dc8ac4128d85740faffdf77825c5ac6fc51dd175f04ce6b9ef1778
overlay/cryoffear/gfx/vgui/menu/loadgame.TGA	11688	583eb0d0ca5922226f8b18bb2083a75f3cb062a836f8de2f50676c989d3877e0
overlay/cryoffear/gfx/vgui/menu/loadgame_mo.tga	11619	2e0725653eda9b1e6845db15edec9f2ec045aafa9b50a5b1756fae33196e2bd8
overlay/cryoffear/gfx/vgui/menu/newgame.TGA	9702	7bb4cd02f3aa64ddb6cdb80c4dc9968d4eae6fbc324de41e942e1ebe5159b2b9
overlay/cryoffear/gfx/vgui/menu/newgame_mo.TGA	9646	41a8fd633e8793dd3dfe99b3e38aa785f7905604b6cc76c9e957d14b074ea047
overlay/cryoffear/gfx/vgui/menu/options.TGA	7421	f3a76ff3e37f03bf4a7cd8b4f7aff19268203bf99d3083117911f5136f70a3e9
overlay/cryoffear/gfx/vgui/menu/options_mo.TGA	7370	b432594054c99a1f93004638a4e80d9b18c33156b4548f40fae5f3557e11231b
overlay/cryoffear/gfx/vgui/menu/quit.TGA	8181	53f104483a9d94f1c9752855360ee2371964ab3a5aad7567ae277698460f4e92
overlay/cryoffear/gfx/vgui/menu/quit_mo.TGA	8127	62d2d1a97eac1a6fae9a38a5ebfcbdb7acc6b5fd74d1f668544b42ff19be61f6
overlay/cryoffear/gfx/vgui/menu/soundtrack1.tga	47906	aa069d746321bd7ee09740af18ca89ba2dc85e3377a4eb042f42998176c1296e
overlay/cryoffear/gfx/vgui/menu/soundtrack1_mo.tga	47903	05f5f3f502720c23f78da12ab474fccc26e3a0e777ae3d74edd6310876f174ca
overlay/cryoffear/gfx/vgui/menu/soundtrack2.tga	51800	17d58ba12c08d6b06ebf6ba1b435e8e6115a368883bd22a37acd30b232d07389
overlay/cryoffear/gfx/vgui/menu/soundtrack2_mo.tga	51796	40c2c4c93cdb811ea9d10009ea8bc8d527694ca18d4cb348fa9bc223137482fc
overlay/cryoffear/gfx/vgui/menu/unlockables.TGA	9864	7f2cee2c205bee0ec968691c80d9aa67c84f72ed3258252166967cac0a832027
overlay/cryoffear/gfx/vgui/menu/unlockables_mo.TGA	9762	bd87a35b04662f4f7988e76b18985e16b149bd71a9f34041c64fb097ec3cb202
overlay/cryoffear/gfx/vgui/notes/codefrompc.tga	27764	1e3b5c6448ff3ef3a358503cd3414618bbafa915eb862699696250a8a114b680
overlay/cryoffear/gfx/vgui/notes/codefromvideotape.tga	5148	ea6d2b59e1b187ed94cce9959d1b973e9ee748bdf17d65d5dde41a1419afb83a
overlay/cryoffear/gfx/vgui/notes/codefromwindow.tga	3228	13a48128d68a8c7a30024b1c4fbe9f9fb77330c2f11129a97997d1fda2d31732
overlay/cryoffear/gfx/vgui/notes/hiddennote1.TGA	5388	bb77a7566d7e0769cc08f6e691816f0d384330c21e54f22e46a859e43b2cc841
overlay/cryoffear/gfx/vgui/notes/hiddennote2.TGA	5435	0538570fb14a4189cc90de5fbfa817b698ad6daa7c82ae4757eb29cb6be338d6
overlay/cryoffear/gfx/vgui/notes/mylife.tga	3563	da3913a2194b70201ff5271e1fd4480e7936dbf8f94403b6a45984f9475a5aaa
overlay/cryoffear/gfx/vgui/notes/mysecretnote1.tga	5871	af6aaa13116f178f17eb4cb30f58b4012b8e86fa8aff09fd00b5cf2620e35d2b
overlay/cryoffear/gfx/vgui/notes/mysecretnote2.tga	5911	6255a0b0996c588884b24add736efbea601b5c82d0982c25aa23b2ed53c011ff
overlay/cryoffear/gfx/vgui/notes/mysecretnote3.tga	5907	2ada11a6ac296386866a38e7129a14478292eab0d42ad0cc740bd775a59c02e7
overlay/cryoffear/gfx/vgui/notes/mysecretnote4.tga	5964	49e22456d58db655cd4788eae11290c762918fbe0a9aed6cec27b9566bc8e1df
overlay/cryoffear/gfx/vgui/notes/personalnote.tga	76844	b949110d27279d38bb0f055b0ca1b5384c73060bd052c09b049736565464294f
overlay/cryoffear/gfx/vgui/notes/phonecode.TGA	27764	301a7f237c0b310c8a92855ff4978758ae586ae4e30ea3e2c14a84dd10e301e8
overlay/cryoffear/gfx/vgui/notes/purnellnote.tga	5936	d980ead7a70f6a397f66fa5317e10659ff6e086a4121d2178e5f2bb30aeadb7c
overlay/cryoffear/gfx/vgui/notes/rippedmagarticle.tga	76844	8a17ceebe144c3cb667c89f5686b57d6846d785179c44a0576cae1d8b47c1a9a
overlay/cryoffear/gfx/vgui/parktt.tga	921644	e861d8f864f87a8abaff091bf6421215c24900d14dd7b1ca1c1ca21abe75988d
overlay/cryoffear/gfx/vgui/puzzle/computer/computer_loggedon.tga	797804	9aaf85617b46ef6fb5ff9f4c7a1963a820c142da3b5656f98a081e2fba394b9e
overlay/cryoffear/gfx/vgui/puzzle/computer/computer_logon.tga	797804	2bdbc65b3c50c443259692a671c39b7c6e777711293cee95af252833ba1c9f7c
overlay/cryoffear/gfx/vgui/puzzle/padlock_buttons.tga	120044	f84314ca58b2ac442c2df7682788f90580c007950a1f3bd1f25dcb23ccbbf2bd
overlay/cryoffear/gfx/vgui/ronaldtt.tga	921644	4fd6e1cf946b6eb10985a3b73023283481e06f52b4938246689c4dcd3ef2218d
overlay/cryoffear/gfx/vgui/save_load.tga	921644	165fc8de25ceb9fe87dcd19c81b823bde0d6549627d9ecfdf7f89857c6fcbf84
overlay/cryoffear/gfx/vgui/saxts1.TGA	921644	6bbfec7f8fcf05cfdcc843a58a5e0f97f5738f0d79291c5a67c252440d45911f
overlay/cryoffear/gfx/vgui/saxtt.tga	921644	83dce3e2ee2debb3a5cd206b7f328022ef8e44cbfcdcd4a1c2aae8bdf81db541
overlay/cryoffear/gfx/vgui/telescope_scope.tga	1048620	b01d59dc8899be83352a1378dd4f9e9093eb878ae77dbe1265dee8e9440e42da
overlay/cryoffear/gfx/vgui/unlockables/unlockables_menu.tga	1440044	c28083c5109c4ded95b7e0d631dd990a4c6a964844105b4b71cec34d13f019b1
overlay/cryoffear/gfx/vgui/weapons/axe/640_axe_check.TGA	44425	cfd69739fe8e78f9f4017c504ce1d2d65b60fe9b4ca0e39eb7f0e84cd33068b4
overlay/cryoffear/gfx/vgui/weapons/booklaser/640_booklaser_check.TGA	55229	4acf98a16e7a52502732ddfd68e12c802444d3a94267d29acb95a489558f4f05
overlay/cryoffear/gfx/vgui/weapons/branch/640_branch_check.TGA	59683	60ea3faba657f39abf88ce139494f915b9376e3077dd24cb711207e29579da03
overlay/cryoffear/gfx/vgui/weapons/camera/640_camera_check.TGA	45402	450fcff2ca1aa3913f213985a7e49f46feb20baeae8f9f772035a4b6d1934165
overlay/cryoffear/gfx/vgui/weapons/famas/640_famas_check.TGA	59092	f28d7b1fbe256f4d8e8c174980ba0e0749207d498010092ac98dd27e7e8c7be9
overlay/cryoffear/gfx/vgui/weapons/flare/640_flare_check.tga	76414	439ad4364da2e489fd6c590a9aeb33c94a31b8a83e72277482a2cc6ea9253d28
overlay/cryoffear/gfx/vgui/weapons/flashlight/640_flashlight_check.TGA	61545	0af244378d7199a8a32aa27326c52bd3b3ea29c019871234c5b1b4ce8f24727d
overlay/cryoffear/gfx/vgui/weapons/glock/640_glock_check.tga	80743	1dd508374a7f66442b5d3f433b045ab5d0a30d9725539af45ad70720b656c26d
overlay/cryoffear/gfx/vgui/weapons/glocktac/640_glock_check.tga	87891	2cbe4e5d6a750515a76544462706ff2b6ec344910fcf8525f0dabc7e67b3e3db
overlay/cryoffear/gfx/vgui/weapons/lantern/640_lantern_check.tga	49328	19858365bbb3a892a45ef93b98e396baab5f07f1e64e30a985cdc2fac2c0fe59
overlay/cryoffear/gfx/vgui/weapons/m16/640_m16_check.tga	83823	02644afd77cd7725a9ef01f2f4c6b80a88987a0117e41223fa3a400035eca59c
overlay/cryoffear/gfx/vgui/weapons/mobile/640_mobile_check.tga	72343	9a4208f344d9a24012282e737aa853517a0ac3c7bae89a49df802f9b0c732348
overlay/cryoffear/gfx/vgui/weapons/mp5/640_mp5_check.tga	75927	337298678dc7512d49410d0c604cdda9019745d29047d93f9ccc8cc5fa4e618f
overlay/cryoffear/gfx/vgui/weapons/mp9/640_mp9_check.tga	78619	b5eb9ec2655a37562391a921835b90af075556177af811675a6df699db5f97a1
overlay/cryoffear/gfx/vgui/weapons/nightstick/640_nightstick_check.tga	78785	a7cd2c22acbfc3c051f082ce5a4e13e2f416e56eeeac16f7fa6639f8cae57014
overlay/cryoffear/gfx/vgui/weapons/p345/640_p345_check.TGA	64837	be8468f1441354be4e03662d3f50aea2e77d7b4ac30b5852140b3f997a842ef5
overlay/cryoffear/gfx/vgui/weapons/radio/640_radio_check.TGA	36036	47c317c69dcafe923603b80036601106ada4ae2f36ed142f59f2b4251fe13e5d
overlay/cryoffear/gfx/vgui/weapons/revolver/640_revolver_check.tga	55244	a38362ab1733822a02d5aca2564d410b06b5a43166f7bff0cf688a5c4cde72eb
overlay/cryoffear/gfx/vgui/weapons/rifle/640_rifle_check.TGA	74465	dce4071ea1ef6b478718883789eb7a389e9c0b2f38e46518f570042b55c2b013
overlay/cryoffear/gfx/vgui/weapons/shotgun/640_shotgun_check.tga	80931	899295ec13ea31b3b59fcfafa60f05d81670b131dbf543258b5f062d178ec1c4
overlay/cryoffear/gfx/vgui/weapons/sledgehammer/640_sledgehammer_check.tga	30772	a87a900e2cf88b66b3c92cb1a86aa5707a3468717f6b0c00b002a6eb7d80e9ae
overlay/cryoffear/gfx/vgui/weapons/switchblade/640_switchblade_check.tga	51972	9980dcb5ce274b4ddf9203f08667b8baa16ddd3831bbe5eac59585917e616033
overlay/cryoffear/gfx/vgui/weapons/syringe/640_syringe_check.TGA	83743	05208106fe9d123dee7dffdf53b25d9d2ad1c5cc53afe2ea27952360d2d0d8d2
overlay/cryoffear/gfx/vgui/weapons/vp70/640_vp70_check.TGA	59864	550948279542478b1f93c9e514687d8eb7c7e6e18bb7af62fed36b424c1bbbf6
overlay/cryoffear/models/page_locked.tga	786476	05fd727698c0c5b0d867c708343308d85869c7d352c7fa3d11df04774ae5fc2c
overlay/cryoffear/resource/menu_advoptions.tga	41336	26edbe89e9afd2468967dedaf1bc369ea205492cd304b8ca5e2c87cf175d8262
strings/dll-strings.tsv	16182	3b2d00f2b725857217dc604b2fbfd0ea6998d7065d07aaeca6cd4db8f8037b0b
strings/menu-strings.tsv	39261	cf8bbd3b18c3571543156f0d58db5830ec188c2e9ab93dae5965803363f95fea
textures/c2_bm_rok.tga	12306	0e9e243949552146bcbf490b4b0d6bf648dbae3f792c842d7c94305278a4712d
textures/c2_bussback.tga	196626	41545412040a39fa983d266490b72ec3c0af0895c5d7acc0ed7352ce3fa49e41
textures/c2_bussfront.tga	196626	712bf21eedaa288bf3522d74ad4578cb8f9f08e7fd8377f65d3795ccd3695813
textures/c2_busskurt.tga	147474	c11ba1e3c10f1d01765665db47a00c6fbc12552d0f938b791f9d64ccbee6415c
textures/c2_bussmpr.tga	147474	ac947f95dd108ba2aa5bef0ab2300278579dc594df90166e2888c0a7d103db18
textures/c2_deadkid1.tga	67602	9b3f09d2a18850fe05dd71106292fd753b0e2785c1bda49539f4e40b65ef7cc0
textures/c2_deadkid10.tga	67602	2683f25eb1be7fbe30de6ea994a2247bffdab8a8b998a468f5cbf55bc0c407ab
textures/c2_deadkid11.tga	67602	869d228af6e8544f35392f6a67bef1e8f5825e0e7c105eecc97845801e9c6d4a
textures/c2_deadkid12.tga	67602	ef3cb5665752f719b59265f35d3f9d6277451e394d20e554590a29de9c6009ad
textures/c2_deadkid13.tga	67602	2d3b2d374c808a5c562a9ab0c194867e4e753436e00251c0844575728500aced
textures/c2_deadkid14.tga	67602	145f7b73390e679b8f856bc15bb4092ee249e748bfdb4fbf48c73cc9beb49fca
textures/c2_deadkid2.tga	67602	f9e1da0c3034219efa16b84eb96a1d775aa99d4da19e60512942e49264041d0e
textures/c2_deadkid3.tga	67602	8fcade3119d68310382ff784de1903ddf32ee26ab0499165d4af4eb8a5187380
textures/c2_deadkid4.tga	67602	cd19ffe8738c4eb5645393ab7ea361874a002914ea59d265b79d65f25e15e201
textures/c2_deadkid5.tga	67602	eaf75f3ca4a45a3905a307888680b6a32c748ae5359f1b2b79f78fc657766db0
textures/c2_deadkid6.tga	67602	b408725302c0fea7b396f18cefd6dccce838ab0194ae83a64de6778eed7c0310
textures/c2_deadkid7.tga	67602	7c40fdada1b4b2be978d450fab8dea1cdec5a522d58be1d43c616c464214d92e
textures/c2_deadkid8.tga	67602	3e7d77c455374808f368ce048d0b51b9a1ef256823291609964421ed5db4133f
textures/c2_deadkid9.tga	67602	2ccc2b894c0c95348da2b43f6d790f5bee0dce33fad383dc634ef35c45c48525
textures/c2_escsigns1.tga	196626	ff451a6d8b33b85a91a1f1a15b56700bcdeecffa4ad24be7ad330231803068c7
textures/c2_fusetable.tga	196626	1350a4f176dea6f12b0ca6edbdec20f98bc06572dfd69e6996c67013dbe1ceaa
textures/c2_hansts1.tga	147474	ee6630a490fe79b62e21c2de44997ab57823a3aee76e49ffc475391ebdda324b
textures/c2_harbortt.tga	147474	94aeca24c8ae4ef6e174b36edf04805225a33b27f95ea444b177a8ec5c12269b
textures/c2_helpme1.tga	196626	74db63fedbc66f656654e38155f92f64c1aace4bca1ac55ac363c127fa0fb1fe
textures/c2_hogskylt1.tga	13842	220ef41138704d071a7260daa6d590e89168f0efcb4bbfc49362935cf22f4f8a
textures/c2_hogskylt2.tga	13842	76ad2428851c56e3d70e3e9e2d28395b566390dc6e741e103849345f7d4ca372
textures/c2_nightmares1.tga	196626	23c3485bafaf32a9dc26c6d9355c4d97e84a9e0025f884cc8f3e13eccc762c67
textures/c2_nightmares2.tga	196626	f812b291afd897a6c088a1b9294f2cb67a67937acfde0c245b8d50ebf2e168fa
textures/c2_oschtav.tga	196626	e109ed3012a5c8995d6ec7781bd5fdc51850d9cc9aa5ad0c2e6b20227354bcc4
textures/c2_osign1.tga	98322	eea42c58eaecb12b99e737cd89a555d07dadf17247fefddbe21e9b73bd30142a
textures/c2_osk12.tga	49170	76b0ebf90a1052fd621aafc5d34961aa9429b339e0c9b09be32e483e465c929f
textures/c2_osk3.tga	12306	91d7231a6a818b5e5d1b09b3f692fcd393e949c16a03dd41d503b495f1727904
textures/c2_osk6.tga	98322	f0ff94b213ed07f4feacda372ae45824596f9d625b7a90177e75f8f5feb52723
textures/c2_oskaka.tga	98322	daa907a709e36da4a496b7eac47e8b11c4c659313e0807e5fdfe29fe4a0bd2b4
textures/c2_parktt.tga	147474	51aa1e399351ca7548018f5a4189bd49a1ed876b38ce3330cfb12ff4d19ab100
textures/c2_polistejpsic.tga	12306	ca45e24897faf8a892db91ea13595b872c6a9533171f89b31cb9b0a1c457d37b
textures/c2_psykwall2.tga	196626	5b4d8dddc03f92c4aeb802df23ffb3885f38157a1294b837175b519bb8203d06
textures/c2_psykwall3.tga	196626	d1c442fce1db2ca63997f77e718c0b1ce5260129fe6d668fef7a41d4bf3a6671
textures/c2_reklam1.tga	135186	d46ab3ff25dd71060cdbea3fdd4e03577b8d5dcae9b727c95abac99c4c0f337f
textures/c2_reklam4.tga	135186	fe0cd72e738a007c4a4336d3e8fbddc4a51f68992ae6ff1b6b73a2995153f33b
textures/c2_reklam5.tga	135186	52050027bd71a35e05245c9df52d30ce0d7c57d39e555e6670311058d6f07c41
textures/c2_reklam6.tga	135186	e65f6448de576d5ce338f4f16ec3c83914d48869b93b711e04ce61e7a2416bc8
textures/c2_reklam7.tga	135186	a7814668cad430124cc5fdd7635e108f680a6f39c3d3f13c68ff812a644f22e8
textures/c2_reklam8.tga	135186	d64041b670a6ba2e49a7448da7c5ce35503f78941d5d34a6f4edf4f7bef9f11a
textures/c2_reklam9.tga	135186	c61f1a5f3cce888286d12db5188c3e19ad3293bbce3b6d891eac68148c77930d
textures/c2_ronaldtt.tga	147474	d0dcb4b3ef26b7bf007fa03d27dc54be00f8f4db7b7339f44c6c8dff071e56f8
textures/c2_samhall.tga	49170	8ea4cc911c8ac7ad60b45947177c71ea173449abc7c039df89b28e564611b7e8
textures/c2_saxts2.tga	147474	3528bb024d930aa01b76b0726cf97a0800de28f10863c6312c960c5150c9b43e
textures/c2_saxtt.tga	147474	a6b7d4db31abbaf5b08fc9904749f4e7dae0278e607bdde1af248f93154c02c6
textures/c2_sicktavla1.tga	147474	87eccd088e829a12b4c7c6cacfceeb238fee0e1d6b16a741d5f5583e380ddb78
textures/c2_sicktavla2.tga	147474	be0cdd216ba96751225160bcafe099996a3f387e155d7fb52506840c05d67e28
textures/c2_sicktavla3.tga	147474	01cbae79950fc02911f8980e9f4287c8660f700080eaf1f1345b48c1728c5b67
textures/c2_sicktavla4.tga	147474	df306e02f071a67f3c0a7e20bbe15e59fbacb75e99c7d87531d0c89acd6e465f
textures/c2_sicktavla5.tga	147474	824d97188b352fed5df0c9e2fd542161b0cac93fca61b8f1f0403cbbeae147e7
textures/c2_sicktavla6.tga	147474	b8cacbe0dfc2077685b0e45bcfa0b2a055cff11d107aaee3cb4eb0a416d038cb
textures/c2_skarta1.tga	49170	5a90b44f7a36b35a5c33dc94559ce87376e0435a0e0b4bdde49335a90e65673e
textures/c2_skarta2.tga	49170	aff389c5cb057dad29d654957c4333e620ee689a784f564a91ba97ea73179d49
textures/c2_skarta3.tga	49170	b45f4be4d8f2e6f8e21bb4966aff5bd23f3154f6206e74cd864884174979cc2b
textures/c2_skarta4.tga	49170	15e13f24020c77341f7eaf278bf674a3375cd5dd17cc8851275221455b06cd11
textures/c2_skarta5.tga	49170	dacaf270d32fedb75dd1183386d1cddf4f88ef4e96f626dbfc98bed0f7748429
textures/c2_skarta6.tga	49170	f5d4abd0d7cd829a1fa19cd10f6356bed647073ba0aa555577da6ce364b7c87b
textures/c2_skarta7.tga	49170	bd9429a161bc38e9364c3941bead116d92c7e14c5452073b5e88c45843a73724
textures/c2_sktavla1.tga	196626	2e8b0bd8443c470de94fd1016bc29b01535895ec1a974e417a6c4aed7d4a7db5
textures/c2_skylt2.tga	19218	345ebc4f46691d87e846ed44b5fa0789596e883a124ca103829d732900d4335f
textures/c2_stairsign.tga	24594	5e2c264ccd7d5310694b88419aa69b90963c48bba94db26176b655cad400a99c
textures/c2_tbaninf.tga	24594	f715166623d6d3e5c5e3db48d43fed789e21040c85cf8e367aa1851dd5b4961e
textures/c2_tbsign2nn1.tga	6162	ad68d9b3c61ffffbca7ccb60df305995118c9db932975f35a9a63ac8839b863a
textures/c2_tbsign2nn3.tga	6162	99bfaa385ba4358dc5b3c669d175758a30574364af8d24ad43f29de26f428305
textures/c2_tbsign2nn5.tga	6162	93c487a7c53ddad751bc978f50a08c9a282d72f0957ddeb810a1fc0c4d583f04
textures/c2_tbsign2nn6.tga	6162	6d7d738947be7af7e51ba6d195e53507b727397120bcb7adb2f60f16bcb5582b
textures/c2_tbsign5.tga	6162	30d112c3cc0303a04f4e93c853c637cca9e1060398fd3b599cc49c0df7763493
textures/c2_tbsign6.tga	6162	1a33ac811bb077dd8c444324915b8d95e714a61a1b9a15a25810dd18877231f0
textures/c2_tbsignn1.tga	6162	45330ac7d252252a1db4516769f2929e259cf1daa607915089899f6487caeb26
textures/c2_tbsignn1h.tga	6162	2cb600dfc0b7171cc522395e2a9c5ec456b36caec8a7d1b114bd27b436da0dd4
textures/c2_tbsignn2.tga	6162	23227f75fa6b8581c3cdafa50b97b3168e68221a32a2d43ff5f1453533b3c97a
textures/c2_tbsignn3.tga	6162	88db6505fc538e74485f5ef031c66513be8bb7c53311ab70893baa62ea7c7544
textures/c2_tbsignn4.tga	6162	386bbd33d1b22395f47db74f64b3771a8448454cb2d3fcd02343cff026359cb8
textures/c3_asy_sign1.tga	9234	da75d92dc640ed4e3c09dc09f6b0611195896d736b6fa52c7ac738294d0c254d
textures/c3_asy_sign2.tga	9234	d0e7ee1ed36596af3039aaff308c7e3923cd6df5a09409015157ff0ae4c258bf
textures/c3_asy_sign3.tga	9234	e24630ef6352826a30ae440787c70b1c03a64515ddc189fa680273bb1010be8c
textures/c3_asy_sign4.tga	9234	536c68561cf254418b1b6ca29c1c163d928ab766d7e82a6492173ac67ac0f88e
textures/c3_asy_sign5.tga	9234	d1101de341aebdc75166416cfad47506cda6617a6f466ec95a68cc2ee523ab13
textures/c3_asysign.tga	393234	0b7b93316e7fe0ee6af153f1aaf64c2212111d7bb1c0a3941426873510c899a3
textures/c_donotenter.tga	12306	54fc6cac007962492073572bb8bda29f298ba075c8145209e55133695a583bed
textures/c_hogskylt1.tga	13842	220ef41138704d071a7260daa6d590e89168f0efcb4bbfc49362935cf22f4f8a
textures/c_hogskylt2.tga	13842	76ad2428851c56e3d70e3e9e2d28395b566390dc6e741e103849345f7d4ca372
textures/c_nightmaremes2.tga	119826	8df4763a80dbb7164b373fc453a20047481b1e98ae11df9f4a40b3fa39b95cdb
textures/c_polistejp.tga	12306	7d6dda70bb96f0a1ba8bb3166db45b1701c43a35c35dfd9e9e0d6a256b07b153
textures/c_polistejpsick.tga	12306	1a7790263bfa575bd1473c0bc912048881ea3fce37bde16ea8837ff6d2f57af4
textures/c_tbanapost1.tga	12306	5ae61fb00e3cc4e73e808cffda0f72853ceb044a48d8ee113f99f09c36af5652
textures/c_tbanapost2.tga	12306	06d5ba4099d663c770283f03e1d25a722e9962c745d229bd06c98d3faaa97c4e
textures/c_tbanapost3.tga	12306	85d282af1c2c6f1da873d0d58387f26595ea48161ab7f7db818305f48a6b5dfe
textures/c_tbanapost4.tga	12306	ad8a6cb9b88fcb8d36c5157e8ec2df13606fde58233ef57f9ffa62072f31ce8b
textures/c_tbanapost5.tga	12306	229a882c73e891b8764dc2cfcf441c2faafe5a7a36ceb3be4f413e93856b2711
textures/c_tbanapost6.tga	12306	7af7f8dec7c26c63b7b7c2f251dd82d7d61e5485eb80de65f94069c61a8846b3
textures/c_tbanapost7.tga	30738	45ee4bea17bd226026459b1c3ac6fc572b37497ee0de6e13722c5695e7ade506
textures/c_tbanapost9.tga	30738	5d1c6ddc6a4dfff2519719bfc3f230be499bacff982f475673cc01b5ae4c7d79
textures/exit1.tga	6162	58fc33b4c67cf576ece6a83fe617016597c0759e910e148a31a46c3202aabb4d
textures/r_doorblo1.tga	24594	6be65874774fdfea9720d24605c9828f65deefa784f67205bbdad08ce33ff49a
textures/r_exit1.tga	12306	61aa95789796a8f685c517864cdfb7c077ae18d12424cbe706e63f3ada9c8767
textures/r_note22.tga	122898	ea5e6d2e178c0d98d6d647b48ac0e76882e0407628b48c207bbf8c3e7efc68fc
textures/r_sickif.tga	196626	1650f7b58eb3fffa4a62e3a4c9fe1749852db7f238f14e26cc4a0c45c451dcc9
textures/saxts1.tga	147474	907e64fb24c0acaa8b9f40540b18a81d7011d0c4e633b89ab7a57b8d870c5d27
textures/sign30.tga	15378	633d350a686b97ae05f869cdb7a4595f903ab13abc710b0217e7d60fc9092ab3
textures/{c3_asyrules.tga	262162	2914452fe0bf5455b9b1f27e8cd32ebd2a1e7874196d1cea31ccc1d8c5863d10
textures/{c3_basketball1.tga	400402	3a12ba7ef877a0487cae873d8c20a9d5f9fac506f8d04198b0a1fe8a7623fc38
textures/{c3_purnellnote.tga	24594	df1d2718b8cf63b5d726761093cd8a08b42f40b2137046c9cba59c2928b364a9
txt/notes/languages/polish/apnote1.txt	341	c1b5c1ab4ddbceb310af3a286afe1bf4842631a76dee98de898ec37c39b31156
txt/notes/languages/polish/apnote2.txt	166	3871472360c7e17b2278ff15ce5d0200c1a337cbada060d78862097cfbe11dea
txt/notes/languages/polish/apnote3.txt	247	02d473ee106ac6e071731d93c0ec0a9ed6791289eeac9fe1a4bdbce28194abed
txt/notes/languages/polish/apnote4.txt	119	587b37643ba6aa3acbc6eed4b1da895c71a897f3ee389ed324cfc16ed309ff2b
txt/notes/languages/polish/magazine.txt	180	894d5e570fc5f63f47535554cdcd9d19d7eadb2c5f64d15754ef233bec927264
txt/notes/languages/polish/purnellnote.txt	101	08125f8ab78851c57bf8b39db5586c44f8b5cc74410823fc691cd7895d26c58c
txt/notes/languages/polish/sewernote.txt	489	dfa68adf391b8e910d75eec88352351a250e989d3351c8a150e60e82fce2eb6f
txt/notes/languages/polish/subnote.txt	531	df22bd0c88464893dbc5b69107871c7462909bed5ba17263fe8f5629e79e5195
txt/txtfiles/languages/polish/coconc.txt	349	b0b85da3748d15b90f52f6eefad05c077cb5b601014e8c11d563e45413768018
txt/txtfiles/languages/polish/conclusion1.txt	1870	03c6a5c3c7f9adf6012f39eecabd61530598c22a5c0a7aa4af8939f8cb862e0a
txt/txtfiles/languages/polish/conclusion2.txt	1244	4a84d60ab1071a097fafb97629b9857bc471047dcc34cdb8bc19163b89ffa3bf
txt/txtfiles/languages/polish/conclusion3.txt	1111	28d2683b99ebdcdf688fa132c6476eeacc39c1412777062017d1bcc2ae6cc887
txt/txtfiles/languages/polish/conclusion4.txt	1733	cea84d0777ae5524ff450f9e12b7fc73bebeef034c112717ecc854b43f0056a5
txt/txtfiles/languages/polish/docconc.txt	306	a0b3a0753d8524746d14ff69eb08ccf95a02ff1bef057778c5c5758bd74e8523
txt/txtfiles/languages/polish/hints.txt	5656	24528fca47355bd2cf220350450264e774f7f8c405391df48c2dcf7a828c43dc
txt/txtfiles/languages/polish/phone_messages.txt	361	5a8974fd95c1e1b2a032a49e05491b02bb0971bc3cf1977ad74348bde045fc44
txt/txtfiles/languages/polish/subtitles.txt	12092	b8547c78ffbbe4d296d5e80b0095c667fd56f14de1d3067c1852bd8efa72cbd0
